{
	"data":{
		"code":"m",
		"endMercatorX":[{"0":13369753.039495692},{"1":3536282.789395038}],
		"googlecenterx":54620,
		"googlecentery":26979,
		"height":12288,
		"id":"dfcafbf33b2644f890fe4a3cde1363f2",
		"imgheight":256,
		"imgwidth":256,
		"initMercatorX":120.03661703407407,
		"initMercatorY":30.282788973323633,
		"initlevel":3,
		"mapType":"2.5D",
		"name":"杭州西溪湿地-梅（梅相栋  测试用）",
		"olRatX":-0.14804458804428577,
		"olRatY":-0.3891102410852909,
		"olTileX":54620,
		"olTileY":26980,
		"path":"/static/map_xxsd/map",
		"scefit":16,
		"scegooglex":213.3671760559082,
		"scegoogley":105.38875770568848,
		"sceinitx":120.07951802513782,
		"sceinity":30.267776483960148,
		"spinx":213.38109588623047,
		"spiny":105.39127731323242,
		"spinzoomx":1.5762111517367459,
		"spinzoomy":0.7536974955630054,
		"versions":"V1.0",
		"width":24576,
		"zoom":4
	},
	"errCode":8200,
	"success":true
}