名称*,描述,种植年份,层级,高度,图片Id,片区名称*,经度,纬度
123,123123,2018-05-22,123,123.0, ,测试数据--请勿删除,120.0700171472336100,30.2840908450721200
