名称*,数量,类型[固定|临时]*,图片Id,片区名称*,经度,纬度,描述
Dustbin-wsy012,2,临时, ,222,120.0699120253050900,30.2838786420982120, 
