名称*,容量,类型[室内|室外]*,图片Id,片区名称*,经度,纬度,描述
parking-wsy001,0,室外, ,222,120.0691799557259300,30.2830553809959800, 
