名称,描述,容量,图片id,regionId,片区名称,经度,纬度
码头, ,0,测试数据--请勿删除, ,西区,109.3334578512650000,18.3044408782291000
