姓名*,容量,图片Id,片区名称*,经度,纬度,描述
0, ,测试数据--请勿删除,120.0689331914941200,30.2843611785738350,qweqweqwe
