名称*,容量,商家类型名称,图片Id,片区名称*,经度,纬度,描述
擦拭的,34,商铺, ,测试数据--请勿删除,120.0682853594138400,30.2826314621844700, 
