名称*,描述,科目,高度,种植年份,图片Id,片区名称*,经度,纬度
123,123123,1231,123.0,2016-01-01, ,测试数据--请勿删除,120.0690042992814600,30.2827465489417660
