名称*,类型[注意|路线|设施]*,图片Id,片区名称*,经度,纬度,描述
 ,注意, ,222,120.0687184436122300,30.2826608271572580,这是指示牌的描述
